Workbook

Sheet Employee_Data
A1: EmpID | B1: Name | C1: Department | D1: Country | E1: Experience (Years) | F1: Salary (₹) | G1: Performance | H1: CRITERIA | I1: SUM
A2: E101 | B2: Rahul Sharma | C2: IT | D2: India | E2: 2 | F2: 35000 | G2: Good | H2: SUM ON THE BASIS OF SALARY | I2: =SUM(F:F) -> 1367000
A3: E102 | B3: Aman Verma | C3: HR | D3: India | E3: 5 | F3: 42000 | G3: Excellent | H3: SUM IF SECTOR IS (IT) | I3: =SUMIF(C:C,"IT",F:F) -> 474000
A4: E103 | B4: Neha Singh | C4: IT | D4: India | E4: 3 | F4: 38000 | G4: Good | H4: COUNT OF TOTAL SALARIES | I4: =COUNT(F2:F26) -> 25
A5: E104 | B5: John Miller | C5: Finance | D5: USA | E5: 7 | F5: 75000 | G5: Excellent | H5: COUNTIF | I5: =COUNTIF(F:F,F6) -> 1
A6: E105 | B6: Priya Gupta | C6: HR | D6: India | E6: 1 | F6: 30000 | G6: Average | H6: AVGOF SALARY | I6: =AVERAGE(F:F) -> 54680
A7: E106 | B7: Arjun Mehta | C7: IT | D7: India | E7: 6 | F7: 60000 | G7: Excellent | H7: MIN OFSALARY | I7: =MIN(F:F) -> 28000
A8: E107 | B8: Robert Brown | C8: Finance | D8: UK | E8: 4 | F8: 68000 | G8: Good | H8: MAX OF SALARY | I8: =MAX(F:F) -> 90000
A9: E108 | B9: Sneha Patel | C9: Marketing | D9: India | E9: 2 | F9: 32000 | G9: Average | H9: AVG OF EXPERIENCE | I9: =AVERAGE(E:E) -> 4.76
A10: E109 | B10: David Wilson | C10: IT | D10: USA | E10: 8 | F10: 82000 | G10: Excellent | H10: MIN OF EXPERIENCE | I10: =MIN(E:E) -> 1
A11: E110 | B11: Ankit Jain | C11: Finance | D11: India | E11: 5 | F11: 50000 | G11: Good | H11: MAX OF EXPERIENCE | I11: =MAX(E:E) -> 10
A12: E111 | B12: Kavya Nair | C12: Marketing | D12: India | E12: 3 | F12: 36000 | G12: Good
A13: E112 | B13: Michael Scott | C13: HR | D13: USA | E13: 10 | F13: 90000 | G13: Excellent
A14: E113 | B14: Rohan Das | C14: IT | D14: India | E14: 1 | F14: 28000 | G14: Average
A15: E114 | B15: Simran Kaur | C15: Finance | D15: India | E15: 6 | F15: 62000 | G15: Excellent | H15: SUM OF DIFFERENT DEPARTMENT BY SALARY
A16: E115 | B16: Chris Evans | C16: Marketing | D16: UK | E16: 4 | F16: 70000 | G16: Good | H16: SUM IF THE DEPARTMENT IS (IT) | I16: =SUMIF(C:C,C2,F:F) -> 474000
A17: E116 | B17: Pooja Mishra | C17: HR | D17: India | E17: 2 | F17: 31000 | G17: Average | H17: SUM IF THE DEPARTMENT IF (HR) | I17: =SUMIF(C:C,C3,F:F) -> 278000
A18: E117 | B18: Daniel Lee | C18: IT | D18: USA | E18: 5 | F18: 65000 | G18: Good | H18: SUM IF THE DEPARTMENT IS(FINANCE) | I18: =SUMIF(C:C,C5,F:F) -> 368000
A19: E118 | B19: Suresh Kumar | C19: Finance | D19: India | E19: 9 | F19: 80000 | G19: Excellent | H19: SUM IF THE DEPARTMENT IS (MARKETING) | I19: =SUMIF(C:C,C9,F:F) -> 247000
A20: E119 | B20: Aditi Rao | C20: Marketing | D20: India | E20: 3 | F20: 37000 | G20: Good
A21: E120 | B21: James Bond | C21: IT | D21: UK | E21: 7 | F21: 78000 | G21: Excellent
A22: E121 | B22: Nikhil Shah | C22: HR | D22: India | E22: 4 | F22: 40000 | G22: Good | H22: SUM OF DEFFERENT DEPARTMENT BY COUNTRY
A23: E122 | B23: Emma Watson | C23: Marketing | D23: USA | E23: 6 | F23: 72000 | G23: Excellent | H23: COUNT OF DEPATMENT IF COUNTRY IS INDIA | I23: =COUNTIF(D:D,D11) -> 16
A24: E123 | B24: Varun Khanna | C24: Finance | D24: India | E24: 2 | F24: 33000 | G24: Average | H24: COUNT OF DEPATMENT IF COUNTRY IS USA | I24: =COUNTIF(D:D,D13) -> 6
A25: E124 | B25: Sophia Lopez | C25: IT | D25: USA | E25: 9 | F25: 88000 | G25: Excellent | H25: COUNT OF DEPATMENT IF COUNTRY IS UK | I25: =COUNTIF(D:D,D21) -> 3
A26: E125 | B26: Mohit Bansal | C26: HR | D26: India | E26: 5 | F26: 45000 | G26: Good

Sheet VLOOKUP
A1: EmpID | B1: SALARY | C1: Name | D1: SALARY | E1: Name | F1: INDEX.MATCH | G1: EXPERIENCE | H1: DEPARTMENT
A2: E101 | B2: =VLOOKUP(A2,Employee_Data!A1:G26,6,0) -> 35000 | C2: Rahul Sharma | D2: =VLOOKUP(C2,Employee_Data!B1:G26,5,0) -> 35000 | E2: Rahul Sharma | F2: =INDEX(B:B,MATCH(A2,A:A,0)) -> 35000 | G2: =INDEX(Employee_Data!E2:E26,MATCH(Employee_Data!A2,Employee_Data!A:A,0)) -> 5
A3: E102 | B3: =VLOOKUP(A3,Employee_Data!A2:G27,6,0) -> 42000 | C3: Aman Verma | D3: =VLOOKUP(C3,Employee_Data!B2:G27,5,0) -> 42000 | E3: Aman Verma | F3: =INDEX(B:B,MATCH(A3,A:A,0)) -> 42000 | G3: =INDEX(Employee_Data!E3:E27,MATCH(Employee_Data!A3,Employee_Data!A:A,0)) -> 7
A4: E103 | B4: =VLOOKUP(A4,Employee_Data!A3:G28,6,0) -> 38000 | C4: Neha Singh | D4: =VLOOKUP(C4,Employee_Data!B3:G28,5,0) -> 38000 | E4: Neha Singh | F4: =INDEX(B:B,MATCH(A4,A:A,0)) -> 38000 | G4: =INDEX(Employee_Data!E4:E28,MATCH(Employee_Data!A4,Employee_Data!A:A,0)) -> 6
A5: E104 | B5: =VLOOKUP(A5,Employee_Data!A4:G29,6,0) -> 75000 | C5: John Miller | D5: =VLOOKUP(C5,Employee_Data!B4:G29,5,0) -> 75000 | E5: John Miller | F5: =INDEX(B:B,MATCH(A5,A:A,0)) -> 75000 | G5: =INDEX(Employee_Data!E5:E29,MATCH(Employee_Data!A5,Employee_Data!A:A,0)) -> 2
A6: E105 | B6: =VLOOKUP(A6,Employee_Data!A5:G30,6,0) -> 30000 | C6: Priya Gupta | D6: =VLOOKUP(C6,Employee_Data!B5:G30,5,0) -> 30000 | E6: Priya Gupta | F6: =INDEX(B:B,MATCH(A6,A:A,0)) -> 30000 | G6: =INDEX(Employee_Data!E6:E30,MATCH(Employee_Data!A6,Employee_Data!A:A,0)) -> 5
A7: E106 | B7: =VLOOKUP(A7,Employee_Data!A6:G31,6,0) -> 60000 | C7: Arjun Mehta | D7: =VLOOKUP(C7,Employee_Data!B6:G31,5,0) -> 60000 | E7: Arjun Mehta | F7: =INDEX(B:B,MATCH(A7,A:A,0)) -> 60000 | G7: =INDEX(Employee_Data!E7:E31,MATCH(Employee_Data!A7,Employee_Data!A:A,0)) -> 10
A8: E107 | B8: =VLOOKUP(A8,Employee_Data!A7:G32,6,0) -> 68000 | C8: Robert Brown | D8: =VLOOKUP(C8,Employee_Data!B7:G32,5,0) -> 68000 | E8: Robert Brown | F8: =INDEX(B:B,MATCH(A8,A:A,0)) -> 68000 | G8: =INDEX(Employee_Data!E8:E32,MATCH(Employee_Data!A8,Employee_Data!A:A,0)) -> 6
A9: E108 | B9: =VLOOKUP(A9,Employee_Data!A8:G33,6,0) -> 32000 | C9: Sneha Patel | D9: =VLOOKUP(C9,Employee_Data!B8:G33,5,0) -> 32000 | E9: Sneha Patel | F9: =INDEX(B:B,MATCH(A9,A:A,0)) -> 32000 | G9: =INDEX(Employee_Data!E9:E33,MATCH(Employee_Data!A9,Employee_Data!A:A,0)) -> 2
A10: E109 | B10: =VLOOKUP(A10,Employee_Data!A9:G34,6,0) -> 82000 | C10: David Wilson | D10: =VLOOKUP(C10,Employee_Data!B9:G34,5,0) -> 82000 | E10: David Wilson | F10: =INDEX(B:B,MATCH(A10,A:A,0)) -> 82000 | G10: =INDEX(Employee_Data!E10:E34,MATCH(Employee_Data!A10,Employee_Data!A:A,0)) -> 9
A11: E110 | B11: =VLOOKUP(A11,Employee_Data!A10:G35,6,0) -> 50000 | C11: Ankit Jain | D11: =VLOOKUP(C11,Employee_Data!B10:G35,5,0) -> 50000 | E11: Ankit Jain | F11: =INDEX(B:B,MATCH(A11,A:A,0)) -> 50000 | G11: =INDEX(Employee_Data!E11:E35,MATCH(Employee_Data!A11,Employee_Data!A:A,0)) -> 7
A12: E111 | B12: =VLOOKUP(A12,Employee_Data!A11:G36,6,0) -> 36000 | C12: Kavya Nair | D12: =VLOOKUP(C12,Employee_Data!B11:G36,5,0) -> 36000 | E12: Kavya Nair | F12: =INDEX(B:B,MATCH(A12,A:A,0)) -> 36000 | G12: =INDEX(Employee_Data!E12:E36,MATCH(Employee_Data!A12,Employee_Data!A:A,0)) -> 6
A13: E112 | B13: =VLOOKUP(A13,Employee_Data!A12:G37,6,0) -> 90000 | C13: Michael Scott | D13: =VLOOKUP(C13,Employee_Data!B12:G37,5,0) -> 90000 | E13: Michael Scott | F13: =INDEX(B:B,MATCH(A13,A:A,0)) -> 90000 | G13: =INDEX(Employee_Data!E13:E37,MATCH(Employee_Data!A13,Employee_Data!A:A,0)) -> 9
A14: E113 | B14: =VLOOKUP(A14,Employee_Data!A13:G38,6,0) -> 28000 | C14: Rohan Das | D14: =VLOOKUP(C14,Employee_Data!B13:G38,5,0) -> 28000 | E14: Rohan Das | F14: =INDEX(B:B,MATCH(A14,A:A,0)) -> 28000 | G14: =INDEX(Employee_Data!E:E,MATCH(Employee_Data!A2,Employee_Data!A:A,0)) -> 2
A15: E114 | B15: =VLOOKUP(A15,Employee_Data!A14:G39,6,0) -> 62000 | C15: Simran Kaur | D15: =VLOOKUP(C15,Employee_Data!B14:G39,5,0) -> 62000 | E15: Simran Kaur | F15: =INDEX(B:B,MATCH(A15,A:A,0)) -> 62000 | G15: =INDEX(Employee_Data!E:E,MATCH(Employee_Data!A3,Employee_Data!A:A,0)) -> 5
A16: E115 | B16: =VLOOKUP(A16,Employee_Data!A15:G40,6,0) -> 70000 | C16: Chris Evans | D16: =VLOOKUP(C16,Employee_Data!B15:G40,5,0) -> 70000 | E16: Chris Evans | F16: =INDEX(B:B,MATCH(A16,A:A,0)) -> 70000 | G16: =INDEX(Employee_Data!E:E,MATCH(Employee_Data!A4,Employee_Data!A:A,0)) -> 3
A17: E116 | B17: =VLOOKUP(A17,Employee_Data!A16:G41,6,0) -> 31000 | C17: Pooja Mishra | D17: =VLOOKUP(C17,Employee_Data!B16:G41,5,0) -> 31000 | E17: Pooja Mishra | F17: =INDEX(B:B,MATCH(A17,A:A,0)) -> 31000 | G17: =INDEX(Employee_Data!E:E,MATCH(Employee_Data!A5,Employee_Data!A:A,0)) -> 7
A18: E117 | B18: =VLOOKUP(A18,Employee_Data!A17:G42,6,0) -> 65000 | C18: Daniel Lee | D18: =VLOOKUP(C18,Employee_Data!B17:G42,5,0) -> 65000 | E18: Daniel Lee | F18: =INDEX(B:B,MATCH(A18,A:A,0)) -> 65000 | G18: =INDEX(Employee_Data!E:E,MATCH(Employee_Data!A6,Employee_Data!A:A,0)) -> 1
A19: E118 | B19: =VLOOKUP(A19,Employee_Data!A18:G43,6,0) -> 80000 | C19: Suresh Kumar | D19: =VLOOKUP(C19,Employee_Data!B18:G43,5,0) -> 80000 | E19: Suresh Kumar | F19: =INDEX(B:B,MATCH(A19,A:A,0)) -> 80000 | G19: =INDEX(Employee_Data!E:E,MATCH(Employee_Data!A7,Employee_Data!A:A,0)) -> 6
A20: E119 | B20: =VLOOKUP(A20,Employee_Data!A19:G44,6,0) -> 37000 | C20: Aditi Rao | D20: =VLOOKUP(C20,Employee_Data!B19:G44,5,0) -> 37000 | E20: Aditi Rao | F20: =INDEX(B:B,MATCH(A20,A:A,0)) -> 37000 | G20: =INDEX(Employee_Data!E:E,MATCH(Employee_Data!A8,Employee_Data!A:A,0)) -> 4
A21: E120 | B21: =VLOOKUP(A21,Employee_Data!A20:G45,6,0) -> 78000 | C21: James Bond | D21: =VLOOKUP(C21,Employee_Data!B20:G45,5,0) -> 78000 | E21: James Bond | F21: =INDEX(B:B,MATCH(A21,A:A,0)) -> 78000 | G21: =INDEX(Employee_Data!E:E,MATCH(Employee_Data!A9,Employee_Data!A:A,0)) -> 2
A22: E121 | B22: =VLOOKUP(A22,Employee_Data!A21:G46,6,0) -> 40000 | C22: Nikhil Shah | D22: =VLOOKUP(C22,Employee_Data!B21:G46,5,0) -> 40000 | E22: Nikhil Shah | F22: =INDEX(B:B,MATCH(A22,A:A,0)) -> 40000 | G22: =INDEX(Employee_Data!E:E,MATCH(Employee_Data!A10,Employee_Data!A:A,0)) -> 8
A23: E122 | B23: =VLOOKUP(A23,Employee_Data!A22:G47,6,0) -> 72000 | C23: Emma Watson | D23: =VLOOKUP(C23,Employee_Data!B22:G47,5,0) -> 72000 | E23: Emma Watson | F23: =INDEX(B:B,MATCH(A23,A:A,0)) -> 72000 | G23: =INDEX(Employee_Data!E:E,MATCH(Employee_Data!A11,Employee_Data!A:A,0)) -> 5
A24: E123 | B24: =VLOOKUP(A24,Employee_Data!A23:G48,6,0) -> 33000 | C24: Varun Khanna | D24: =VLOOKUP(C24,Employee_Data!B23:G48,5,0) -> 33000 | E24: Varun Khanna | F24: =INDEX(B:B,MATCH(A24,A:A,0)) -> 33000 | G24: =INDEX(Employee_Data!E:E,MATCH(Employee_Data!A12,Employee_Data!A:A,0)) -> 3
A25: E124 | B25: =VLOOKUP(A25,Employee_Data!A24:G49,6,0) -> 88000 | C25: Sophia Lopez | D25: =VLOOKUP(C25,Employee_Data!B24:G49,5,0) -> 88000 | E25: Sophia Lopez | F25: =INDEX(B:B,MATCH(A25,A:A,0)) -> 88000 | G25: =INDEX(Employee_Data!E:E,MATCH(Employee_Data!A13,Employee_Data!A:A,0)) -> 10
A26: E125 | B26: =VLOOKUP(A26,Employee_Data!A25:G50,6,0) -> 45000 | C26: Mohit Bansal | D26: =VLOOKUP(C26,Employee_Data!B25:G50,5,0) -> 45000 | E26: Mohit Bansal | F26: =INDEX(B:B,MATCH(A26,A:A,0)) -> 45000 | G26: =INDEX(Employee_Data!E:E,MATCH(Employee_Data!A14,Employee_Data!A:A,0)) -> 1

Sheet VISUAL PRESETATION
A1: MONTH | B1: INTERNET USER | C1: WINDOWS USER | D1: MOBILE USER
A2: JAN | B2: 10455 | C2: 2354 | D2: 8654
A3: FAB | B3: 12343 | C3: 1234 | D3: 7366
A4: MAR | B4: 11000 | C4: 3245 | D4: 7625
A5: APR | B5: 16565 | C5: 1243 | D5: 7365
A6: MAY | B6: 16754 | C6: 1657 | D6: 1532
A7: JUNE | B7: 12354 | C7: 2345 | D7: 2341
A8: JULY | B8: 23415 | C8: 1254 | D8: 7536
A9: AUG | B9: 17823 | C9: 2543 | D9: 10657
A10: SEP | B10: 23764 | C10: 2452 | D10: 2645
A11: NOV | B11: 57881 | C11: 2545 | D11: 2767
A12: DEC | B12: 43571 | C12: 1542 | D12: 1256
A18: ANDROID USER | B18: I PHONE USER | C18: BLACKBERRY USER
A19: 977645 | B19: 8614547 | C19: 7232455
